V,density,k,avg_dijkstra_time,avg_floyd_time,faster_algorithm
50,sparse,1,4.2e-05,0.010406,Dijkstra
50,sparse,5,0.000125,0.010406,Dijkstra
50,sparse,10,0.000271,0.010406,Dijkstra
50,sparse,20,0.000467,0.010406,Dijkstra
50,sparse,12,0.000287,0.010406,Dijkstra
50,sparse,25,0.000611,0.010406,Dijkstra
50,medium,1,6.5e-05,0.010196,Dijkstra
50,medium,5,0.000247,0.010196,Dijkstra
50,medium,10,0.000504,0.010196,Dijkstra
50,medium,20,0.000963,0.010196,Dijkstra
50,medium,12,0.000592,0.010196,Dijkstra
50,medium,25,0.001196,0.010196,Dijkstra
50,dense,1,0.00013,0.009306,Dijkstra
50,dense,5,0.000552,0.009306,Dijkstra
50,dense,10,0.001072,0.009306,Dijkstra
50,dense,20,0.002082,0.009306,Dijkstra
50,dense,12,0.001256,0.009306,Dijkstra
50,dense,25,0.002624,0.009306,Dijkstra
100,sparse,1,0.000112,0.083571,Dijkstra
100,sparse,5,0.000425,0.083571,Dijkstra
100,sparse,10,0.000763,0.083571,Dijkstra
100,sparse,20,0.001452,0.083571,Dijkstra
100,sparse,25,0.001818,0.083571,Dijkstra
100,sparse,50,0.004041,0.083571,Dijkstra
100,medium,1,0.000195,0.080868,Dijkstra
100,medium,5,0.000889,0.080868,Dijkstra
100,medium,10,0.001589,0.080868,Dijkstra
100,medium,20,0.002873,0.080868,Dijkstra
100,medium,25,0.004138,0.080868,Dijkstra
100,medium,50,0.008103,0.080868,Dijkstra
100,dense,1,0.000468,0.077355,Dijkstra
100,dense,5,0.001777,0.077355,Dijkstra
100,dense,10,0.003866,0.077355,Dijkstra
100,dense,20,0.007513,0.077355,Dijkstra
100,dense,25,0.009453,0.077355,Dijkstra
100,dense,50,0.018349,0.077355,Dijkstra
200,sparse,1,0.000327,0.638488,Dijkstra
200,sparse,5,0.001273,0.638488,Dijkstra
200,sparse,10,0.002457,0.638488,Dijkstra
200,sparse,20,0.004856,0.638488,Dijkstra
200,sparse,50,0.012882,0.638488,Dijkstra
200,sparse,100,0.023841,0.638488,Dijkstra
200,medium,1,0.000762,0.649633,Dijkstra
200,medium,5,0.003088,0.649633,Dijkstra
200,medium,10,0.007405,0.649633,Dijkstra
200,medium,20,0.011721,0.649633,Dijkstra
200,medium,50,0.026536,0.649633,Dijkstra
200,medium,100,0.053628,0.649633,Dijkstra
200,dense,1,0.001868,0.730714,Dijkstra
200,dense,5,0.007863,0.730714,Dijkstra
200,dense,10,0.015672,0.730714,Dijkstra
200,dense,20,0.032774,0.730714,Dijkstra
200,dense,50,0.079137,0.730714,Dijkstra
200,dense,100,0.163479,0.730714,Dijkstra
400,sparse,1,0.00111,6.28654,Dijkstra
400,sparse,5,0.004729,6.28654,Dijkstra
400,sparse,10,0.009253,6.28654,Dijkstra
400,sparse,20,0.018455,6.28654,Dijkstra
400,sparse,100,0.091285,6.28654,Dijkstra
400,sparse,200,0.184129,6.28654,Dijkstra
400,medium,1,0.003389,7.410075,Dijkstra
400,medium,5,0.015973,7.410075,Dijkstra
400,medium,10,0.027809,7.410075,Dijkstra
400,medium,20,0.058928,7.410075,Dijkstra
400,medium,100,0.272433,7.410075,Dijkstra
400,medium,200,0.560178,7.410075,Dijkstra
400,dense,1,0.008674,7.901984,Dijkstra
400,dense,5,0.040628,7.901984,Dijkstra
400,dense,10,0.08778,7.901984,Dijkstra
400,dense,20,0.159787,7.901984,Dijkstra
400,dense,100,0.821532,7.901984,Dijkstra
400,dense,200,1.470344,7.901984,Dijkstra
